<mxGraphModel><root><mxCell id="0"/><mxCell id="1" parent="0"/><mxCell id="2" style="entity" parent="1" vertex="1" connectable="0"><ErEntity name="User" as="value"><ErEntityGBHandler as="erGraphBehaviourHandler"/></ErEntity><mxGeometry x="264" y="56" width="100" height="40" as="geometry"/></mxCell><mxCell id="3" style="entity" parent="1" vertex="1" connectable="0"><ErEntity name="shop" as="value"><ErEntityGBHandler as="erGraphBehaviourHandler"/></ErEntity><mxGeometry x="-10" y="56" width="100" height="40" as="geometry"/></mxCell><mxCell id="4" style="entity" parent="1" vertex="1" connectable="0"><ErEntity name="Worker" as="value"><ErEntityGBHandler as="erGraphBehaviourHandler"/></ErEntity><mxGeometry x="203" y="179" width="100" height="40" as="geometry"/></mxCell><mxCell id="5" style="entity" parent="1" vertex="1" connectable="0"><ErEntity name="Customer" as="value"><ErEntityGBHandler as="erGraphBehaviourHandler"/></ErEntity><mxGeometry x="364" y="179" width="100" height="40" as="geometry"/></mxCell><mxCell id="12" style="hierarchy;userLabelTopLeft" parent="1" vertex="1" connectable="0"><ErHierarchy coverage="Complete" disjointness="Overlapping" as="value"><ErHierarchyGBHandler as="erGraphBehaviourHandler"/></ErHierarchy><mxGeometry x="309" y="125" width="10" height="10" as="geometry"/></mxCell><mxCell id="13" style="generalization" parent="1" source="12" target="2" edge="1"><ErGeneralizationConnector as="value"><ErGeneralizationConnectorGBHandler as="erGraphBehaviourHandler"/></ErGeneralizationConnector><mxGeometry relative="1" as="geometry"/></mxCell><mxCell id="14" style="specialization" parent="1" source="12" target="4" edge="1"><ErSpecializationConnector as="value"><ErSpecializationConnectorGBHandler as="erGraphBehaviourHandler"/></ErSpecializationConnector><mxGeometry relative="1" as="geometry"><Array as="points"><mxPoint x="314" y="150"/><mxPoint x="253" y="150"/></Array></mxGeometry></mxCell><mxCell id="15" style="hierarchy;userLabelTopRight" parent="1" vertex="1" connectable="0"><ErHierarchy coverage="Complete" disjointness="Overlapping" as="value"><ErHierarchyGBHandler as="erGraphBehaviourHandler"/></ErHierarchy><mxGeometry x="309" y="125" width="10" height="10" as="geometry"/></mxCell><mxCell id="16" style="generalization" parent="1" source="15" target="2" edge="1"><ErGeneralizationConnector as="value"><ErGeneralizationConnectorGBHandler as="erGraphBehaviourHandler"/></ErGeneralizationConnector><mxGeometry relative="1" as="geometry"/></mxCell><mxCell id="17" style="specialization" parent="1" source="15" target="5" edge="1"><ErSpecializationConnector as="value"><ErSpecializationConnectorGBHandler as="erGraphBehaviourHandler"/></ErSpecializationConnector><mxGeometry relative="1" as="geometry"><Array as="points"><mxPoint x="314" y="150"/><mxPoint x="414" y="150"/></Array></mxGeometry></mxCell><mxCell id="18" style="relationship" parent="1" vertex="1"><ErRelationship name="superiority" as="value"><ErRelationshipGBHandler as="erGraphBehaviourHandler"/></ErRelationship><mxGeometry x="101" y="239" width="100" height="50" as="geometry"/></mxCell><mxCell id="19" style="relationshipConnector" parent="1" source="18" target="4" edge="1"><ErRelationshipConnector name="is underling" cardinalityMin="0" cardinalityMax="N" as="value"><ErRelationshipConnectorGBHandler as="erGraphBehaviourHandler"/></ErRelationshipConnector><mxGeometry x="0.1089" y="-7" relative="1" as="geometry"><Array as="points"><mxPoint x="242" y="264"/></Array><mxPoint as="offset"/></mxGeometry></mxCell><mxCell id="20" style="relationshipConnector" parent="1" source="18" target="4" edge="1"><ErRelationshipConnector name="is superior" cardinalityMin="1" cardinalityMax="N" as="value"><ErRelationshipConnectorGBHandler as="erGraphBehaviourHandler"/></ErRelationshipConnector><mxGeometry x="-0.1179" y="14" relative="1" as="geometry"><Array as="points"><mxPoint x="151" y="199"/></Array><mxPoint x="-12" y="6" as="offset"/></mxGeometry></mxCell><mxCell id="21" style="entity" parent="1" vertex="1" connectable="0"><ErEntity name="Store" as="value"><ErEntityGBHandler as="erGraphBehaviourHandler"/></ErEntity><mxGeometry x="-10" y="56" width="100" height="40" as="geometry"/></mxCell><mxCell id="22" style="relationship" parent="1" vertex="1"><ErRelationship name="works in" as="value"><ErRelationshipGBHandler as="erGraphBehaviourHandler"/></ErRelationship><mxGeometry x="-10" y="125" width="100" height="50" as="geometry"/></mxCell><mxCell id="23" style="relationshipConnector" parent="1" source="22" target="21" edge="1"><ErRelationshipConnector cardinalityMin="1" cardinalityMax="1" as="value"><ErRelationshipConnectorGBHandler as="erGraphBehaviourHandler"/></ErRelationshipConnector><mxGeometry relative="1" as="geometry"/></mxCell><mxCell id="24" style="relationshipConnector" parent="1" source="22" target="4" edge="1"><ErRelationshipConnector cardinalityMin="0" cardinalityMax="N" as="value"><ErRelationshipConnectorGBHandler as="erGraphBehaviourHandler"/></ErRelationshipConnector><mxGeometry relative="1" as="geometry"><Array as="points"><mxPoint x="208" y="150"/></Array></mxGeometry></mxCell><mxCell id="25" style="entity" parent="1" vertex="1" connectable="0"><ErEntity name="Product" as="value"><ErEntityGBHandler as="erGraphBehaviourHandler"/></ErEntity><mxGeometry x="26.480000000000004" y="363" width="100" height="40" as="geometry"/></mxCell><mxCell id="26" style="entity" parent="1" vertex="1" connectable="0"><ErEntity name="Instrument" as="value"><ErEntityGBHandler as="erGraphBehaviourHandler"/></ErEntity><mxGeometry x="-83.52" y="511.5" width="100" height="40" as="geometry"/></mxCell><mxCell id="27" style="entity" parent="1" vertex="1" connectable="0"><ErEntity name="Accessory" as="value"><ErEntityGBHandler as="erGraphBehaviourHandler"/></ErEntity><mxGeometry x="-83.52" y="675.5" width="100" height="40" as="geometry"/></mxCell><mxCell id="28" style="entity" parent="1" vertex="1" connectable="0"><ErEntity name="PASystem" as="value"><ErEntityGBHandler as="erGraphBehaviourHandler"/></ErEntity><mxGeometry x="130.48000000000002" y="516.5" width="100" height="40" as="geometry"/></mxCell><mxCell id="29" style="relationship" parent="1" vertex="1"><ErRelationship name="sells" as="value"><ErRelationshipGBHandler as="erGraphBehaviourHandler"/></ErRelationship><mxGeometry x="-19.400000000000006" y="239" width="100" height="50" as="geometry"/></mxCell><mxCell id="30" style="relationshipConnector" parent="1" source="29" target="21" edge="1"><ErRelationshipConnector cardinalityMin="1" cardinalityMax="1" as="value"><ErRelationshipConnectorGBHandler as="erGraphBehaviourHandler"/></ErRelationshipConnector><mxGeometry relative="1" as="geometry"><Array as="points"><mxPoint x="-51" y="264"/><mxPoint x="-51" y="76"/></Array></mxGeometry></mxCell><mxCell id="31" style="relationshipConnector" parent="1" source="29" target="25" edge="1"><ErRelationshipConnector cardinalityMin="0" cardinalityMax="N" as="value"><ErRelationshipConnectorGBHandler as="erGraphBehaviourHandler"/></ErRelationshipConnector><mxGeometry relative="1" as="geometry"><Array as="points"><mxPoint x="75" y="325"/><mxPoint x="76" y="325"/></Array></mxGeometry></mxCell><mxCell id="32" style="hierarchy;userLabelTopLeft" parent="1" vertex="1" connectable="0"><ErHierarchy coverage="Complete" disjointness="Overlapping" as="value"><ErHierarchyGBHandler as="erGraphBehaviourHandler"/></ErHierarchy><mxGeometry x="74.6" y="469" width="10" height="10" as="geometry"/></mxCell><mxCell id="33" style="generalization" parent="1" source="32" target="25" edge="1"><ErGeneralizationConnector as="value"><ErGeneralizationConnectorGBHandler as="erGraphBehaviourHandler"/></ErGeneralizationConnector><mxGeometry relative="1" as="geometry"><Array as="points"><mxPoint x="76.48" y="412"/><mxPoint x="76.48" y="412"/></Array></mxGeometry></mxCell><mxCell id="34" style="specialization" parent="1" source="32" target="26" edge="1"><ErSpecializationConnector as="value"><ErSpecializationConnectorGBHandler as="erGraphBehaviourHandler"/></ErSpecializationConnector><mxGeometry relative="1" as="geometry"/></mxCell><mxCell id="35" style="hierarchy" parent="1" vertex="1" connectable="0"><ErHierarchy coverage="Complete" disjointness="Overlapping" as="value"><ErHierarchyGBHandler as="erGraphBehaviourHandler"/></ErHierarchy><mxGeometry x="74.6" y="469" width="10" height="10" as="geometry"/></mxCell><mxCell id="36" style="generalization" parent="1" source="35" target="25" edge="1"><ErGeneralizationConnector as="value"><ErGeneralizationConnectorGBHandler as="erGraphBehaviourHandler"/></ErGeneralizationConnector><mxGeometry relative="1" as="geometry"><Array as="points"><mxPoint x="76.48" y="414"/><mxPoint x="76.48" y="414"/></Array></mxGeometry></mxCell><mxCell id="37" style="specialization" parent="1" source="35" target="28" edge="1"><ErSpecializationConnector as="value"><ErSpecializationConnectorGBHandler as="erGraphBehaviourHandler"/></ErSpecializationConnector><mxGeometry relative="1" as="geometry"/></mxCell><mxCell id="38" style="relationship" parent="1" vertex="1"><ErRelationship name="includes" as="value"><ErRelationshipGBHandler as="erGraphBehaviourHandler"/></ErRelationship><mxGeometry x="-74.52" y="585.5" width="82" height="37" as="geometry"/></mxCell><mxCell id="39" style="relationshipConnector" parent="1" source="38" target="26" edge="1"><ErRelationshipConnector cardinalityMin="1" cardinalityMax="N" as="value"><ErRelationshipConnectorGBHandler as="erGraphBehaviourHandler"/></ErRelationshipConnector><mxGeometry relative="1" as="geometry"/></mxCell><mxCell id="40" style="relationshipConnector" parent="1" source="38" target="27" edge="1"><ErRelationshipConnector cardinalityMin="0" cardinalityMax="N" as="value"><ErRelationshipConnectorGBHandler as="erGraphBehaviourHandler"/></ErRelationshipConnector><mxGeometry relative="1" as="geometry"/></mxCell><mxCell id="41" style="relationship" parent="1" vertex="1"><ErRelationship name="buys" as="value"><ErRelationshipGBHandler as="erGraphBehaviourHandler"/></ErRelationship><mxGeometry x="353.5" y="358" width="100" height="50" as="geometry"/></mxCell><mxCell id="42" style="relationshipConnector" parent="1" source="41" target="5" edge="1"><ErRelationshipConnector cardinalityMin="0" cardinalityMax="N" as="value"><ErRelationshipConnectorGBHandler as="erGraphBehaviourHandler"/></ErRelationshipConnector><mxGeometry relative="1" as="geometry"/></mxCell><mxCell id="43" style="relationshipConnector" parent="1" source="41" target="25" edge="1"><ErRelationshipConnector cardinalityMin="0" cardinalityMax="N" as="value"><ErRelationshipConnectorGBHandler as="erGraphBehaviourHandler"/></ErRelationshipConnector><mxGeometry relative="1" as="geometry"><Array as="points"><mxPoint x="302" y="379"/><mxPoint x="302" y="380"/></Array></mxGeometry></mxCell><mxCell id="44" style="attribute;attributeLabelTop" parent="1" vertex="1" connectable="0"><ErAttribute name="nickname" as="value"><ErAttributeGBHandler as="erGraphBehaviourHandler"/></ErAttribute><mxGeometry x="221" y="26.759999999999998" width="13" height="13" as="geometry"/></mxCell><mxCell id="45" style="attributeConnector" parent="1" source="44" target="2" edge="1"><ErAttributeConnector as="value"><ErAttributeConnectorGBHandler as="erGraphBehaviourHandler"/></ErAttributeConnector><mxGeometry relative="1" as="geometry"/></mxCell><mxCell id="48" style="attribute;attributeLabelTop" parent="1" vertex="1" connectable="0"><ErAttribute name="email" as="value"><ErAttributeGBHandler as="erGraphBehaviourHandler"/></ErAttribute><mxGeometry x="259" y="13.76" width="13" height="13" as="geometry"/></mxCell><mxCell id="49" style="attributeConnector" parent="1" source="48" target="2" edge="1"><ErAttributeConnector as="value"><ErAttributeConnectorGBHandler as="erGraphBehaviourHandler"/></ErAttributeConnector><mxGeometry relative="1" as="geometry"/></mxCell><mxCell id="50" style="compositeIdentifier" parent="1" vertex="1" connectable="0"><ErCompositeIdentifier as="value"><ErCompositeIdentifierGBHandler as="erGraphBehaviourHandler"/></ErCompositeIdentifier><mxGeometry as="geometry"><mxPoint x="245.51129832917968" y="57.080548288445044" as="sourcePoint"/><mxPoint x="295.47697126219936" y="37.511298329179674" as="targetPoint"/><Array as="points"><mxPoint x="245.51129832917968" y="42.080548288445044"/><mxPoint x="245.51129832917968" y="37.51129832917969"/><mxPoint x="264" y="37.51129832917969"/><mxPoint x="280.47697126219936" y="37.51129832917968"/></Array></mxGeometry></mxCell><mxCell id="51" parent="1" source="50" target="2" edge="1" visible="0"><ErCompositeIdentifierConnector as="value"><ErCompositeIdentifierConnectorGBHandler as="erGraphBehaviourHandler"/></ErCompositeIdentifierConnector><mxGeometry relative="1" as="geometry"/></mxCell><mxCell id="52" parent="1" source="50" target="45" edge="1" visible="0"><ErCompositeIdentifierMember as="value"><ErCompositeIdentifierMemberGBHandler as="erGraphBehaviourHandler"/></ErCompositeIdentifierMember><mxGeometry relative="1" as="geometry"/></mxCell><mxCell id="53" style="intersectionPoint" parent="1" vertex="1" connectable="0"><ErCompositeIdentifierIntersectionPoint as="value"><ErCompositeIdentifierIPointGBHandler as="erGraphBehaviourHandler"/></ErCompositeIdentifierIntersectionPoint><mxGeometry x="243.51129832917968" y="40.080548288445044" width="4" height="4" as="geometry"/></mxCell><mxCell id="54" parent="1" source="50" target="53" edge="1" visible="0"><ErCompositeIdentifierIntersectionPointConnector as="value"><ErCompositeIdentifierIPointConnectorGBHandler as="erGraphBehaviourHandler"/></ErCompositeIdentifierIntersectionPointConnector><mxGeometry relative="1" as="geometry"/></mxCell><mxCell id="55" parent="1" source="50" target="49" edge="1" visible="0"><ErCompositeIdentifierMember as="value"><ErCompositeIdentifierMemberGBHandler as="erGraphBehaviourHandler"/></ErCompositeIdentifierMember><mxGeometry relative="1" as="geometry"/></mxCell><mxCell id="56" style="intersectionPoint" parent="1" vertex="1" connectable="0"><ErCompositeIdentifierIntersectionPoint as="value"><ErCompositeIdentifierIPointGBHandler as="erGraphBehaviourHandler"/></ErCompositeIdentifierIntersectionPoint><mxGeometry x="278.47697126219936" y="35.51129832917968" width="4" height="4" as="geometry"/></mxCell><mxCell id="57" parent="1" source="50" target="56" edge="1" visible="0"><ErCompositeIdentifierIntersectionPointConnector as="value"><ErCompositeIdentifierIPointConnectorGBHandler as="erGraphBehaviourHandler"/></ErCompositeIdentifierIntersectionPointConnector><mxGeometry relative="1" as="geometry"/></mxCell><mxCell id="68" style="attribute;attributeIdentifier" parent="1" vertex="1" connectable="0"><ErAttribute name="location" simpleIdentifier="1" as="value"><ErAttributeGBHandler as="erGraphBehaviourHandler"/></ErAttribute><mxGeometry x="74" y="15" width="13" height="13" as="geometry"/></mxCell><mxCell id="69" style="attributeConnector" parent="1" source="68" target="21" edge="1"><ErAttributeConnector as="value"><ErAttributeConnectorGBHandler as="erGraphBehaviourHandler"/></ErAttributeConnector><mxGeometry relative="1" as="geometry"/></mxCell><mxCell id="79" style="relationship" parent="1" vertex="1"><ErRelationship name="credentials" as="value"><ErRelationshipGBHandler as="erGraphBehaviourHandler"/></ErRelationship><mxGeometry x="473" y="51" width="100" height="50" as="geometry"/></mxCell><mxCell id="80" style="entity" parent="1" vertex="1" connectable="0"><ErEntity name="PrivateInfo" as="value"><ErEntityGBHandler as="erGraphBehaviourHandler"/></ErEntity><mxGeometry x="378" y="-26.240000000000002" width="100" height="40" as="geometry"/></mxCell><mxCell id="84" style="attribute;attributeLabelTop" parent="1" vertex="1" connectable="0"><ErAttribute name="address" compositeAttribute="1" compositeAttributeRoot="1" as="value"><ErAttributeGBHandler as="erGraphBehaviourHandler"/></ErAttribute><mxGeometry x="528" y="-12.740000000000002" width="13" height="13" as="geometry"/></mxCell><mxCell id="85" style="attributeConnector" parent="1" source="84" target="80" edge="1"><ErAttributeConnector as="value"><ErAttributeConnectorGBHandler as="erGraphBehaviourHandler"/></ErAttributeConnector><mxGeometry relative="1" as="geometry"/></mxCell><mxCell id="86" style="relationshipConnector" parent="1" source="79" target="2" edge="1"><ErRelationshipConnector cardinalityMin="1" cardinalityMax="1" as="value"><ErRelationshipConnectorGBHandler as="erGraphBehaviourHandler"/></ErRelationshipConnector><mxGeometry relative="1" as="geometry"/></mxCell><mxCell id="87" style="relationshipConnector" parent="1" source="79" target="80" edge="1"><ErRelationshipConnector cardinalityMin="0" cardinalityMax="1" as="value"><ErRelationshipConnectorGBHandler as="erGraphBehaviourHandler"/></ErRelationshipConnector><mxGeometry relative="1" as="geometry"/></mxCell><mxCell id="88" style="attribute;attributeLabelTop" parent="1" vertex="1" connectable="0"><ErAttribute name="password" as="value"><ErAttributeGBHandler as="erGraphBehaviourHandler"/></ErAttribute><mxGeometry x="387" y="-81" width="13" height="13" as="geometry"/></mxCell><mxCell id="89" style="attributeConnector" parent="1" source="88" target="80" edge="1"><ErAttributeConnector as="value"><ErAttributeConnectorGBHandler as="erGraphBehaviourHandler"/></ErAttributeConnector><mxGeometry relative="1" as="geometry"/></mxCell><mxCell id="90" style="attribute;attributeLabelTop" parent="1" vertex="1" connectable="0"><ErAttribute name="fullName" as="value"><ErAttributeGBHandler as="erGraphBehaviourHandler"/></ErAttribute><mxGeometry x="509" y="-55" width="13" height="13" as="geometry"/></mxCell><mxCell id="91" style="attributeConnector" parent="1" source="90" target="80" edge="1"><ErAttributeConnector as="value"><ErAttributeConnectorGBHandler as="erGraphBehaviourHandler"/></ErAttributeConnector><mxGeometry relative="1" as="geometry"/></mxCell><mxCell id="92" style="attribute" parent="1" vertex="1" connectable="0"><ErAttribute name="street" compositeAttribute="1" compositeAttributeMember="1" as="value"><ErAttributeGBHandler as="erGraphBehaviourHandler"/></ErAttribute><mxGeometry x="568" y="-68" width="13" height="13" as="geometry"/></mxCell><mxCell id="93" style="attributeConnector" parent="1" source="92" target="84" edge="1"><ErAttributeConnector as="value"><ErAttributeConnectorGBHandler as="erGraphBehaviourHandler"/></ErAttributeConnector><mxGeometry relative="1" as="geometry"/></mxCell><mxCell id="94" style="attribute;attributeLabelTop" parent="1" vertex="1" connectable="0"><ErAttribute name="city" compositeAttribute="1" compositeAttributeMember="1" as="value"><ErAttributeGBHandler as="erGraphBehaviourHandler"/></ErAttribute><mxGeometry x="603" y="-43" width="13" height="13" as="geometry"/></mxCell><mxCell id="95" style="attributeConnector" parent="1" source="94" target="84" edge="1"><ErAttributeConnector as="value"><ErAttributeConnectorGBHandler as="erGraphBehaviourHandler"/></ErAttributeConnector><mxGeometry relative="1" as="geometry"/></mxCell><mxCell id="96" style="attribute;attributeLabelBottom" parent="1" vertex="1" connectable="0"><ErAttribute name="zip" compositeAttribute="1" compositeAttributeMember="1" as="value"><ErAttributeGBHandler as="erGraphBehaviourHandler"/></ErAttribute><mxGeometry x="603" y="-12.739999999999998" width="13" height="13" as="geometry"/></mxCell><mxCell id="97" style="attributeConnector" parent="1" source="96" target="84" edge="1"><ErAttributeConnector as="value"><ErAttributeConnectorGBHandler as="erGraphBehaviourHandler"/></ErAttributeConnector><mxGeometry relative="1" as="geometry"/></mxCell><mxCell id="98" style="attribute;attributeLabelBottom" parent="1" vertex="1" connectable="0"><ErAttribute name="home number" compositeAttribute="1" compositeAttributeMember="1" as="value"><ErAttributeGBHandler as="erGraphBehaviourHandler"/></ErAttribute><mxGeometry x="590" y="22.509999999999998" width="13" height="13" as="geometry"/></mxCell><mxCell id="99" style="attributeConnector" parent="1" source="98" target="84" edge="1"><ErAttributeConnector as="value"><ErAttributeConnectorGBHandler as="erGraphBehaviourHandler"/></ErAttributeConnector><mxGeometry relative="1" as="geometry"/></mxCell><mxCell id="100" style="attribute;attributeLabelTop" parent="1" vertex="1" connectable="0"><ErAttribute name="manufacturer" as="value"><ErAttributeGBHandler as="erGraphBehaviourHandler"/></ErAttribute><mxGeometry x="-15.519999999999996" y="324" width="13" height="13" as="geometry"/></mxCell><mxCell id="101" style="attributeConnector" parent="1" source="100" target="25" edge="1"><ErAttributeConnector as="value"><ErAttributeConnectorGBHandler as="erGraphBehaviourHandler"/></ErAttributeConnector><mxGeometry relative="1" as="geometry"/></mxCell><mxCell id="102" style="attribute;attributeLabelBottom;attributeIdentifier" parent="1" vertex="1" connectable="0"><ErAttribute name="personalIdentificationNumber" simpleIdentifier="1" as="value"><ErAttributeGBHandler as="erGraphBehaviourHandler"/></ErAttribute><mxGeometry x="309" y="255" width="13" height="13" as="geometry"/></mxCell><mxCell id="103" style="attributeConnector" parent="1" source="102" target="4" edge="1"><ErAttributeConnector as="value"><ErAttributeConnectorGBHandler as="erGraphBehaviourHandler"/></ErAttributeConnector><mxGeometry relative="1" as="geometry"/></mxCell><mxCell id="106" style="attribute;attributeLabelTop" parent="1" vertex="1" connectable="0"><ErAttribute name="type" as="value"><ErAttributeGBHandler as="erGraphBehaviourHandler"/></ErAttribute><mxGeometry x="-144.51999999999998" y="689" width="13" height="13" as="geometry"/></mxCell><mxCell id="107" style="attributeConnector" parent="1" source="106" target="27" edge="1"><ErAttributeConnector as="value"><ErAttributeConnectorGBHandler as="erGraphBehaviourHandler"/></ErAttributeConnector><mxGeometry relative="1" as="geometry"/></mxCell><mxCell id="121" style="attribute;attributeIdentifier;attributeLabelTop" parent="1" vertex="1" connectable="0"><ErAttribute name="modelNumber" simpleIdentifier="1" as="value"><ErAttributeGBHandler as="erGraphBehaviourHandler"/></ErAttribute><mxGeometry x="-28.519999999999996" y="363" width="13" height="13" as="geometry"/></mxCell><mxCell id="122" style="attributeConnector" parent="1" source="121" target="25" edge="1"><ErAttributeConnector as="value"><ErAttributeConnectorGBHandler as="erGraphBehaviourHandler"/></ErAttributeConnector><mxGeometry relative="1" as="geometry"/></mxCell><mxCell id="123" style="attribute;attributeLabelTop" parent="1" vertex="1" connectable="0"><ErAttribute name="type" as="value"><ErAttributeGBHandler as="erGraphBehaviourHandler"/></ErAttribute><mxGeometry x="-134.51999999999998" y="498.5" width="13" height="13" as="geometry"/></mxCell><mxCell id="124" style="attributeConnector" parent="1" source="123" target="26" edge="1"><ErAttributeConnector as="value"><ErAttributeConnectorGBHandler as="erGraphBehaviourHandler"/></ErAttributeConnector><mxGeometry relative="1" as="geometry"/></mxCell><mxCell id="125" style="attribute;attributeLabelBottom" parent="1" vertex="1" connectable="0"><ErAttribute name="pickupType" multivalued="1" cardinalityMin="0" cardinalityMax="N" as="value"><ErAttributeGBHandler as="erGraphBehaviourHandler"/></ErAttribute><mxGeometry x="-136.51999999999998" y="543.5" width="13" height="13" as="geometry"/></mxCell><mxCell id="126" style="attributeConnector" parent="1" source="125" target="26" edge="1"><ErAttributeConnector as="value"><ErAttributeConnectorGBHandler as="erGraphBehaviourHandler"/></ErAttributeConnector><mxGeometry relative="1" as="geometry"/></mxCell><mxCell id="127" style="attribute;attributeLabelTop" parent="1" vertex="1" connectable="0"><ErAttribute name="range" as="value"><ErAttributeGBHandler as="erGraphBehaviourHandler"/></ErAttribute><mxGeometry x="-110.27" y="475.5" width="13" height="13" as="geometry"/></mxCell><mxCell id="128" style="attributeConnector" parent="1" source="127" target="26" edge="1"><ErAttributeConnector as="value"><ErAttributeConnectorGBHandler as="erGraphBehaviourHandler"/></ErAttributeConnector><mxGeometry relative="1" as="geometry"/></mxCell><mxCell id="129" style="attribute;attributeLabelTop" parent="1" vertex="1" connectable="0"><ErAttribute name="range" as="value"><ErAttributeGBHandler as="erGraphBehaviourHandler"/></ErAttribute><mxGeometry x="269.48" y="507.5" width="13" height="13" as="geometry"/></mxCell><mxCell id="130" style="attributeConnector" parent="1" source="129" target="28" edge="1"><ErAttributeConnector as="value"><ErAttributeConnectorGBHandler as="erGraphBehaviourHandler"/></ErAttributeConnector><mxGeometry relative="1" as="geometry"/></mxCell><mxCell id="131" style="attribute;attributeLabelBottom" parent="1" vertex="1" connectable="0"><ErAttribute name="size" as="value"><ErAttributeGBHandler as="erGraphBehaviourHandler"/></ErAttribute><mxGeometry x="269.48" y="548.5" width="13" height="13" as="geometry"/></mxCell><mxCell id="132" style="attributeConnector" parent="1" source="131" target="28" edge="1"><ErAttributeConnector as="value"><ErAttributeConnectorGBHandler as="erGraphBehaviourHandler"/></ErAttributeConnector><mxGeometry relative="1" as="geometry"/></mxCell><mxCell id="133" style="attribute;attributeLabelTop" parent="1" vertex="1" connectable="0"><ErAttribute name="Cookies" as="value"><ErAttributeGBHandler as="erGraphBehaviourHandler"/></ErAttribute><mxGeometry x="509" y="166" width="13" height="13" as="geometry"/></mxCell><mxCell id="134" style="attributeConnector" parent="1" source="133" target="5" edge="1"><ErAttributeConnector as="value"><ErAttributeConnectorGBHandler as="erGraphBehaviourHandler"/></ErAttributeConnector><mxGeometry relative="1" as="geometry"/></mxCell><mxCell id="135" style="attribute;attributeLabelBottom" parent="1" vertex="1" connectable="0"><ErAttribute name="premiumStatus" as="value"><ErAttributeGBHandler as="erGraphBehaviourHandler"/></ErAttribute><mxGeometry x="509" y="215" width="13" height="13" as="geometry"/></mxCell><mxCell id="136" style="attributeConnector" parent="1" source="135" target="5" edge="1"><ErAttributeConnector as="value"><ErAttributeConnectorGBHandler as="erGraphBehaviourHandler"/></ErAttributeConnector><mxGeometry relative="1" as="geometry"/></mxCell><mxCell id="137" style="attribute;attributeLabelBottom;attributeIdentifier" vertex="1" connectable="0" parent="1"><ErAttribute name="ISBN" simpleIdentifier="1" as="value"><ErAttributeGBHandler as="erGraphBehaviourHandler"/></ErAttribute><mxGeometry x="-136.52" y="740" width="13" height="13" as="geometry"/></mxCell><mxCell id="138" style="attributeConnector" edge="1" parent="1" source="137" target="27"><ErAttributeConnector as="value"><ErAttributeConnectorGBHandler as="erGraphBehaviourHandler"/></ErAttributeConnector><mxGeometry relative="1" as="geometry"/></mxCell><mxCell id="161" style="attribute;attributeIdentifier;attributeLabelBottom" vertex="1" connectable="0" parent="1"><ErAttribute name="ISBN" simpleIdentifier="1" as="value"><ErAttributeGBHandler as="erGraphBehaviourHandler"/></ErAttribute><mxGeometry x="-32.400000000000006" y="398" width="13" height="13" as="geometry"/></mxCell><mxCell id="162" style="attributeConnector" edge="1" parent="1" source="161" target="25"><ErAttributeConnector as="value"><ErAttributeConnectorGBHandler as="erGraphBehaviourHandler"/></ErAttributeConnector><mxGeometry relative="1" as="geometry"/></mxCell><mxCell id="165" style="attribute;attributeLabelTop" vertex="1" connectable="0" parent="1"><ErAttribute name="phoneNumber" as="value"><ErAttributeGBHandler as="erGraphBehaviourHandler"/></ErAttribute><mxGeometry x="482.63" y="-95" width="13" height="13" as="geometry"/></mxCell><mxCell id="166" style="attributeConnector" edge="1" parent="1" source="165" target="80"><ErAttributeConnector as="value"><ErAttributeConnectorGBHandler as="erGraphBehaviourHandler"/></ErAttributeConnector><mxGeometry relative="1" as="geometry"/></mxCell><mxCell id="167" style="compositeIdentifier" vertex="1" connectable="0" parent="1"><ErCompositeIdentifier as="value"><ErCompositeIdentifierGBHandler as="erGraphBehaviourHandler"/></ErCompositeIdentifier><mxGeometry as="geometry"><mxPoint x="436.033119579678" y="-37.2302692477336" as="sourcePoint"/><mxPoint x="413.0372264216195" y="24.750269247733574" as="targetPoint"/><Array as="points"><mxPoint x="451.033119579678" y="-37.23026924773359"/><mxPoint x="478" y="-37.23026924773357"/><mxPoint x="488.9902692477336" y="-37.23026924773357"/><mxPoint x="488.9902692477336" y="-35.68835694771349"/><mxPoint x="488.9902692477336" y="-26.240000000000002"/><mxPoint x="488.9902692477336" y="-6.240000000000009"/><mxPoint x="488.9902692477336" y="13.759999999999998"/><mxPoint x="488.9902692477336" y="24.750269247733563"/><mxPoint x="478" y="24.750269247733563"/><mxPoint x="428.0372264216195" y="24.75026924773357"/></Array></mxGeometry></mxCell><mxCell id="168" edge="1" parent="1" source="167" target="80" visible="0"><ErCompositeIdentifierConnector as="value"><ErCompositeIdentifierConnectorGBHandler as="erGraphBehaviourHandler"/></ErCompositeIdentifierConnector><mxGeometry relative="1" as="geometry"/></mxCell><mxCell id="169" edge="1" parent="1" source="167" target="166" visible="0"><ErCompositeIdentifierMember as="value"><ErCompositeIdentifierMemberGBHandler as="erGraphBehaviourHandler"/></ErCompositeIdentifierMember><mxGeometry relative="1" as="geometry"/></mxCell><mxCell id="170" style="intersectionPoint" vertex="1" connectable="0" parent="1"><ErCompositeIdentifierIntersectionPoint as="value"><ErCompositeIdentifierIPointGBHandler as="erGraphBehaviourHandler"/></ErCompositeIdentifierIntersectionPoint><mxGeometry x="449.033119579678" y="-39.23026924773359" width="4" height="4" as="geometry"/></mxCell><mxCell id="171" edge="1" parent="1" source="167" target="170" visible="0"><ErCompositeIdentifierIntersectionPointConnector as="value"><ErCompositeIdentifierIPointConnectorGBHandler as="erGraphBehaviourHandler"/></ErCompositeIdentifierIntersectionPointConnector><mxGeometry relative="1" as="geometry"/></mxCell><mxCell id="172" edge="1" parent="1" source="167" target="91" visible="0"><ErCompositeIdentifierMember as="value"><ErCompositeIdentifierMemberGBHandler as="erGraphBehaviourHandler"/></ErCompositeIdentifierMember><mxGeometry relative="1" as="geometry"/></mxCell><mxCell id="173" style="intersectionPoint" vertex="1" connectable="0" parent="1"><ErCompositeIdentifierIntersectionPoint as="value"><ErCompositeIdentifierIPointGBHandler as="erGraphBehaviourHandler"/></ErCompositeIdentifierIntersectionPoint><mxGeometry x="486.9902692477336" y="-37.68835694771349" width="4" height="4" as="geometry"/></mxCell><mxCell id="174" edge="1" parent="1" source="167" target="173" visible="0"><ErCompositeIdentifierIntersectionPointConnector as="value"><ErCompositeIdentifierIPointConnectorGBHandler as="erGraphBehaviourHandler"/></ErCompositeIdentifierIntersectionPointConnector><mxGeometry relative="1" as="geometry"/></mxCell><mxCell id="175" edge="1" parent="1" source="167" target="85" visible="0"><ErCompositeIdentifierMember as="value"><ErCompositeIdentifierMemberGBHandler as="erGraphBehaviourHandler"/></ErCompositeIdentifierMember><mxGeometry relative="1" as="geometry"/></mxCell><mxCell id="176" style="intersectionPoint" vertex="1" connectable="0" parent="1"><ErCompositeIdentifierIntersectionPoint as="value"><ErCompositeIdentifierIPointGBHandler as="erGraphBehaviourHandler"/></ErCompositeIdentifierIntersectionPoint><mxGeometry x="486.9902692477336" y="-8.240000000000009" width="4" height="4" as="geometry"/></mxCell><mxCell id="177" edge="1" parent="1" source="167" target="176" visible="0"><ErCompositeIdentifierIntersectionPointConnector as="value"><ErCompositeIdentifierIPointConnectorGBHandler as="erGraphBehaviourHandler"/></ErCompositeIdentifierIntersectionPointConnector><mxGeometry relative="1" as="geometry"/></mxCell><mxCell id="178" edge="1" parent="1" source="167" target="87" visible="0"><ErCompositeIdentifierMember as="value"><ErCompositeIdentifierMemberGBHandler as="erGraphBehaviourHandler"/></ErCompositeIdentifierMember><mxGeometry relative="1" as="geometry"/></mxCell><mxCell id="179" style="intersectionPoint" vertex="1" connectable="0" parent="1"><ErCompositeIdentifierIntersectionPoint as="value"><ErCompositeIdentifierIPointGBHandler as="erGraphBehaviourHandler"/></ErCompositeIdentifierIntersectionPoint><mxGeometry x="426.0372264216195" y="22.75026924773357" width="4" height="4" as="geometry"/></mxCell><mxCell id="180" edge="1" parent="1" source="167" target="179" visible="0"><ErCompositeIdentifierIntersectionPointConnector as="value"><ErCompositeIdentifierIPointConnectorGBHandler as="erGraphBehaviourHandler"/></ErCompositeIdentifierIntersectionPointConnector><mxGeometry relative="1" as="geometry"/></mxCell></root></mxGraphModel>